{
  "loss": [
    2.223175287246704,
    1.9872525930404663,
    1.8948177099227905,
    1.8895071744918823,
    1.816530704498291,
    1.7605080604553223,
    1.768598198890686,
    1.6882750988006592,
    1.6567788124084473,
    1.6017242670059204,
    1.5666362047195435,
    1.5451116561889648,
    1.4896141290664673,
    1.469857096672058,
    1.4319478273391724,
    1.412451148033142,
    1.391669511795044,
    1.341030478477478,
    1.3208776712417603,
    1.295750379562378,
    1.284562349319458,
    1.2095760107040405,
    1.2173329591751099,
    1.1796060800552368,
    1.1635856628417969,
    1.118417739868164,
    1.1016626358032227,
    1.0809693336486816,
    1.0551584959030151,
    1.01984441280365,
    1.0043636560440063,
    1.0117137432098389,
    0.9474343061447144,
    0.9121605157852173,
    0.9397584795951843,
    0.877303957939148,
    0.8837590217590332,
    0.879331111907959,
    0.8540437817573547,
    0.833650529384613,
    0.8199086785316467,
    0.8209565877914429,
    0.7862984538078308,
    0.7863662838935852,
    0.7447152137756348,
    0.7455227971076965,
    0.694558322429657,
    0.7063584923744202,
    0.6500277519226074,
    0.6333707571029663,
    0.634292721748352,
    0.6288347244262695,
    0.6371619701385498,
    0.6095242500305176,
    0.5851827263832092,
    0.5964782238006592,
    0.5946893095970154,
    0.5417065620422363,
    0.5637536644935608,
    0.5605968236923218
  ],
  "accuracy": [
    0.19835560023784637,
    0.2548817992210388,
    0.28776979446411133,
    0.29290851950645447,
    0.2965056598186493,
    0.3232271373271942,
    0.33299073576927185,
    0.35303187370300293,
    0.36896196007728577,
    0.39362794160842896,
    0.39979445934295654,
    0.4080164432525635,
    0.4239465594291687,
    0.43114081025123596,
    0.4455292820930481,
    0.4506680369377136,
    0.4753340184688568,
    0.4953751266002655,
    0.49794450402259827,
    0.5087358951568604,
    0.5071942210197449,
    0.5580678582191467,
    0.5436793565750122,
    0.555498480796814,
    0.5693730711936951,
    0.5847893357276917,
    0.6002055406570435,
    0.5904419422149658,
    0.6089414358139038,
    0.6233298778533936,
    0.6325796246528625,
    0.6346351504325867,
    0.6495375037193298,
    0.651593029499054,
    0.6572456359863281,
    0.6803699731826782,
    0.6813977360725403,
    0.6778005957603455,
    0.6885919570922852,
    0.693216860294342,
    0.702466607093811,
    0.7034943699836731,
    0.7204521894454956,
    0.7250770926475525,
    0.7317574620246887,
    0.7374100685119629,
    0.747687578201294,
    0.7482014298439026,
    0.7780061960220337,
    0.780061662197113,
    0.7836588025093079,
    0.7774922847747803,
    0.7713257670402527,
    0.7810894250869751,
    0.8031859993934631,
    0.7831448912620544,
    0.7965056300163269,
    0.8098663687705994,
    0.797533392906189,
    0.798561155796051
  ],
  "val_loss": [
    2.013629913330078,
    2.0045342445373535,
    2.002701759338379,
    1.8738049268722534,
    1.7946300506591797,
    1.7067934274673462,
    1.5139515399932861,
    1.5096900463104248,
    1.4496089220046997,
    1.5585746765136719,
    1.5341683626174927,
    1.5307669639587402,
    1.370232343673706,
    1.284837007522583,
    1.3328198194503784,
    1.3085252046585083,
    1.2695002555847168,
    1.2393690347671509,
    1.3332232236862183,
    1.2430431842803955,
    1.1563260555267334,
    1.3243945837020874,
    1.1448129415512085,
    1.1487048864364624,
    1.1203430891036987,
    1.0879483222961426,
    1.0408252477645874,
    1.138140320777893,
    1.0701897144317627,
    0.9498900771141052,
    1.0128759145736694,
    0.9467940926551819,
    0.9642208814620972,
    0.9061846733093262,
    1.0170140266418457,
    1.0251781940460205,
    0.8653557300567627,
    0.8451487421989441,
    0.9080047011375427,
    0.8468130826950073,
    0.8326789736747742,
    0.9105451703071594,
    0.827423095703125,
    0.7904472351074219,
    0.6966754794120789,
    0.7497281432151794,
    0.7521211504936218,
    0.7211611866950989,
    0.7296211123466492,
    0.6546453237533569,
    0.7620782852172852,
    0.7842070460319519,
    0.6856514811515808,
    0.6648410558700562,
    0.6772177815437317,
    0.6739048957824707,
    0.6571063995361328,
    0.6646592617034912,
    0.6438333988189697,
    0.6344878077507019
  ],
  "val_accuracy": [
    0.1558752954006195,
    0.23980815708637238,
    0.23261390626430511,
    0.24460431933403015,
    0.3141486942768097,
    0.3285371661186218,
    0.4292565882205963,
    0.4148681163787842,
    0.4316546618938446,
    0.37889689207077026,
    0.4292565882205963,
    0.42446044087409973,
    0.4940047860145569,
    0.5539568066596985,
    0.5203837156295776,
    0.5227817893028259,
    0.5251798629760742,
    0.5395683646202087,
    0.5035971403121948,
    0.5227817893028259,
    0.5731415152549744,
    0.5155875086784363,
    0.5827338099479675,
    0.5851318836212158,
    0.5731415152549744,
    0.5803357362747192,
    0.6043165326118469,
    0.541966438293457,
    0.5731415152549744,
    0.6522781848907471,
    0.6019184589385986,
    0.6402877569198608,
    0.623501181602478,
    0.6690647602081299,
    0.633093535900116,
    0.5899280309677124,
    0.6810551285743713,
    0.6954436302185059,
    0.6834532618522644,
    0.6978417038917542,
    0.678657054901123,
    0.688249409198761,
    0.678657054901123,
    0.7026379108428955,
    0.7482014298439026,
    0.7410072088241577,
    0.7122302055358887,
    0.7386091351509094,
    0.714628279209137,
    0.7529975771903992,
    0.7218225598335266,
    0.7170263528823853,
    0.7386091351509094,
    0.7625899314880371,
    0.7625899314880371,
    0.7553957104682922,
    0.7745803594589233,
    0.7577937841415405,
    0.7649880051612854,
    0.7673860788345337
  ],
  "lr": [
    0.0005000000237487257,
    0.0005000000237487257,
    0.0005000000237487257,
    0.0005000000237487257,
    0.0005000000237487257,
    0.0005000000237487257,
    0.0005000000237487257,
    0.0005000000237487257,
    0.0005000000237487257,
    0.0005000000237487257,
    0.0005000000237487257,
    0.0005000000237487257,
    0.0002500000118743628,
    0.0002500000118743628,
    0.0002500000118743628,
    0.0002500000118743628,
    0.0002500000118743628,
    0.0002500000118743628,
    0.0002500000118743628,
    0.0002500000118743628,
    0.0002500000118743628,
    0.0002500000118743628,
    0.0002500000118743628,
    0.0002500000118743628,
    0.0002500000118743628,
    0.0002500000118743628,
    0.0002500000118743628,
    0.0002500000118743628,
    0.0002500000118743628,
    0.0002500000118743628,
    0.0002500000118743628,
    0.0002500000118743628,
    0.0002500000118743628,
    0.0002500000118743628,
    0.0002500000118743628,
    0.0002500000118743628,
    0.0002500000118743628,
    0.0002500000118743628,
    0.0002500000118743628,
    0.0002500000118743628,
    0.0002500000118743628,
    0.0002500000118743628,
    0.0002500000118743628,
    0.0002500000118743628,
    0.0002500000118743628,
    0.0002500000118743628,
    0.0002500000118743628,
    0.0002500000118743628,
    0.0001250000059371814,
    0.0001250000059371814,
    0.0001250000059371814,
    0.0001250000059371814,
    0.0001250000059371814,
    6.25000029685907e-05,
    6.25000029685907e-05,
    6.25000029685907e-05,
    3.125000148429535e-05,
    3.125000148429535e-05,
    3.125000148429535e-05,
    3.125000148429535e-05
  ]
}