{
  "mean": 0.32816198468208313,
  "std": 1.022249698638916
}