{
  "loss": [
    2.3367409706115723,
    2.020407199859619,
    1.9293186664581299,
    1.8454444408416748,
    1.8036168813705444,
    1.7692722082138062,
    1.7213354110717773,
    1.674648404121399,
    1.6521575450897217,
    1.6283327341079712,
    1.5761109590530396,
    1.5104013681411743,
    1.522230863571167,
    1.497540831565857,
    1.4703683853149414,
    1.42654550075531,
    1.3924269676208496,
    1.3439620733261108,
    1.311574101448059,
    1.2413091659545898,
    1.2287083864212036,
    1.1740305423736572,
    1.1594754457473755,
    1.1448910236358643,
    1.093873381614685,
    1.0422972440719604,
    1.013439416885376,
    0.9836324453353882,
    0.9586517214775085,
    0.9194938540458679,
    0.912430465221405,
    0.8630160689353943,
    0.9119688868522644,
    0.8527154922485352,
    0.774235725402832,
    0.8009100556373596,
    0.7613883018493652,
    0.7670621871948242,
    0.7088310718536377,
    0.6833357214927673,
    0.6726871132850647,
    0.649867832660675,
    0.6107595562934875,
    0.5894368886947632,
    0.6004863381385803,
    0.5870434045791626,
    0.5803589224815369,
    0.5490850806236267,
    0.5510430932044983,
    0.5445297956466675,
    0.545978844165802,
    0.4923567473888397,
    0.4831717908382416,
    0.4813504219055176,
    0.44806742668151855,
    0.4804491102695465,
    0.4351974427700043,
    0.4576839506626129,
    0.4326404631137848,
    0.447986900806427
  ],
  "accuracy": [
    0.18448098003864288,
    0.25077080726623535,
    0.2713257968425751,
    0.29547789692878723,
    0.3247687518596649,
    0.3232271373271942,
    0.3525179922580719,
    0.35457348823547363,
    0.37512847781181335,
    0.37204521894454956,
    0.403391569852829,
    0.42908531427383423,
    0.422404944896698,
    0.4316546618938446,
    0.43525180220603943,
    0.4552929103374481,
    0.4671120345592499,
    0.49640288949012756,
    0.5082219839096069,
    0.528777003288269,
    0.5303186178207397,
    0.5560123324394226,
    0.567317545413971,
    0.5601233243942261,
    0.5853031873703003,
    0.6125385165214539,
    0.6294963955879211,
    0.6310380101203918,
    0.6557040214538574,
    0.6649537682533264,
    0.6803699731826782,
    0.6824254989624023,
    0.6593011021614075,
    0.682939350605011,
    0.7081192135810852,
    0.7045220732688904,
    0.7276464700698853,
    0.7147995829582214,
    0.7466598153114319,
    0.7502569556236267,
    0.7625899314880371,
    0.7718396782875061,
    0.7759506702423096,
    0.78828364610672,
    0.7903391718864441,
    0.7934224009513855,
    0.7970195412635803,
    0.8047276735305786,
    0.8036999106407166,
    0.8026721477508545,
    0.8108941316604614,
    0.8299074769020081,
    0.8278520107269287,
    0.8340185284614563,
    0.8463515043258667,
    0.8304213881492615,
    0.8422405123710632,
    0.8406988978385925,
    0.8494347333908081,
    0.8504624962806702
  ],
  "val_loss": [
    1.9787145853042603,
    1.841300129890442,
    1.763692855834961,
    1.6274415254592896,
    1.5472501516342163,
    1.563506841659546,
    1.4965436458587646,
    1.4523454904556274,
    1.4436098337173462,
    1.4357131719589233,
    1.4560911655426025,
    1.4526642560958862,
    1.3823317289352417,
    1.4045534133911133,
    1.3089221715927124,
    1.3030955791473389,
    1.3489018678665161,
    1.256672739982605,
    1.275360345840454,
    1.1533927917480469,
    1.1389334201812744,
    1.2317312955856323,
    1.4279125928878784,
    1.0491061210632324,
    0.9226359724998474,
    0.960052490234375,
    0.953094482421875,
    0.9155700206756592,
    0.8882853984832764,
    0.9259066581726074,
    1.1435998678207397,
    0.8852166533470154,
    1.1268677711486816,
    0.8665698766708374,
    0.8286296129226685,
    0.815796434879303,
    0.8054812550544739,
    0.7262603044509888,
    0.816226065158844,
    0.7606567740440369,
    0.7856027483940125,
    0.7236689925193787,
    0.7263385057449341,
    0.7074012160301208,
    0.7520418167114258,
    0.7339009642601013,
    0.6677789092063904,
    0.6482255458831787,
    0.805277407169342,
    0.6506917476654053,
    0.6654467582702637,
    0.6089099645614624,
    0.7402169704437256,
    0.6092056632041931,
    0.6310173273086548,
    0.5806419253349304,
    0.6135182976722717,
    0.5951511859893799,
    0.5635140538215637,
    0.5984320044517517
  ],
  "val_accuracy": [
    0.18944844603538513,
    0.256594717502594,
    0.2973621189594269,
    0.311750590801239,
    0.4124700129032135,
    0.3741007149219513,
    0.4340527653694153,
    0.4508393406867981,
    0.4556354880332947,
    0.4724220633506775,
    0.4676258862018585,
    0.43884891271591187,
    0.4676258862018585,
    0.4532374143600464,
    0.5347721576690674,
    0.5083932876586914,
    0.4748201370239258,
    0.5179855823516846,
    0.486810564994812,
    0.5659472346305847,
    0.577937662601471,
    0.5371702909469604,
    0.46043166518211365,
    0.6091127395629883,
    0.6738609075546265,
    0.6498801112174988,
    0.6354916095733643,
    0.6762589812278748,
    0.6642686128616333,
    0.6762589812278748,
    0.6067146062850952,
    0.6858513355255127,
    0.5875299572944641,
    0.6762589812278748,
    0.7098321318626404,
    0.7122302055358887,
    0.7242206335067749,
    0.7410072088241577,
    0.7314148545265198,
    0.7482014298439026,
    0.7386091351509094,
    0.7577937841415405,
    0.7505995035171509,
    0.769784152507782,
    0.7386091351509094,
    0.7458033561706543,
    0.7745803594589233,
    0.7793765068054199,
    0.7290167808532715,
    0.7745803594589233,
    0.7673860788345337,
    0.7937650084495544,
    0.7505995035171509,
    0.7937650084495544,
    0.7841726541519165,
    0.798561155796051,
    0.7865707278251648,
    0.7961630821228027,
    0.8201438784599304,
    0.7865707278251648
  ],
  "lr": [
    0.0005000000237487257,
    0.0005000000237487257,
    0.0005000000237487257,
    0.0005000000237487257,
    0.0005000000237487257,
    0.0005000000237487257,
    0.0005000000237487257,
    0.0005000000237487257,
    0.0005000000237487257,
    0.0005000000237487257,
    0.0005000000237487257,
    0.0005000000237487257,
    0.0005000000237487257,
    0.0005000000237487257,
    0.0005000000237487257,
    0.0005000000237487257,
    0.0005000000237487257,
    0.0005000000237487257,
    0.0005000000237487257,
    0.0005000000237487257,
    0.0005000000237487257,
    0.0005000000237487257,
    0.0005000000237487257,
    0.0005000000237487257,
    0.0005000000237487257,
    0.0005000000237487257,
    0.0005000000237487257,
    0.0005000000237487257,
    0.0005000000237487257,
    0.0005000000237487257,
    0.0005000000237487257,
    0.0005000000237487257,
    0.0005000000237487257,
    0.0005000000237487257,
    0.0005000000237487257,
    0.0005000000237487257,
    0.0005000000237487257,
    0.0005000000237487257,
    0.0005000000237487257,
    0.0005000000237487257,
    0.0005000000237487257,
    0.0002500000118743628,
    0.0002500000118743628,
    0.0002500000118743628,
    0.0002500000118743628,
    0.0002500000118743628,
    0.0002500000118743628,
    0.0002500000118743628,
    0.0002500000118743628,
    0.0002500000118743628,
    0.0002500000118743628,
    0.0001250000059371814,
    0.0001250000059371814,
    0.0001250000059371814,
    0.0001250000059371814,
    6.25000029685907e-05,
    6.25000029685907e-05,
    6.25000029685907e-05,
    6.25000029685907e-05,
    6.25000029685907e-05
  ]
}