{
  "loss": [
    2.4462621212005615,
    2.2735519409179688,
    2.195370674133301,
    2.1080050468444824,
    2.0695393085479736,
    2.0089211463928223,
    1.9564803838729858,
    1.9348526000976562,
    1.9045171737670898,
    1.9030091762542725,
    1.8977118730545044,
    1.8829448223114014,
    1.8550394773483276,
    1.8506488800048828,
    1.7930694818496704,
    1.790423035621643,
    1.773561716079712,
    1.7517774105072021,
    1.7308257818222046,
    1.7513478994369507,
    1.7372115850448608,
    1.7144209146499634,
    1.7089277505874634,
    1.744876742362976,
    1.6640766859054565,
    1.6710022687911987,
    1.6646091938018799,
    1.6653225421905518,
    1.6193594932556152,
    1.607354998588562,
    1.6050235033035278,
    1.593346118927002,
    1.5782605409622192,
    1.5893927812576294,
    1.5601378679275513,
    1.5695301294326782,
    1.5589567422866821,
    1.5699735879898071,
    1.5332977771759033,
    1.514915943145752,
    1.5499900579452515,
    1.5279687643051147,
    1.4864349365234375,
    1.5288749933242798,
    1.5050420761108398,
    1.5331987142562866,
    1.5106799602508545
  ],
  "accuracy": [
    0.14491264522075653,
    0.15570400655269623,
    0.1690647453069687,
    0.19373072683811188,
    0.2250770777463913,
    0.24357657134532928,
    0.2543679475784302,
    0.26464542746543884,
    0.27595067024230957,
    0.27595067024230957,
    0.2718396782875061,
    0.29085302352905273,
    0.29753339290618896,
    0.2903391718864441,
    0.3119218945503235,
    0.32065775990486145,
    0.3155190050601959,
    0.3335046172142029,
    0.33607399463653564,
    0.33144912123680115,
    0.3494347333908081,
    0.3401849865913391,
    0.3478931188583374,
    0.3355601131916046,
    0.37204521894454956,
    0.3586844801902771,
    0.36433711647987366,
    0.37050360441207886,
    0.3741007149219513,
    0.37512847781181335,
    0.38746145367622375,
    0.4085303246974945,
    0.4064748287200928,
    0.3956834673881531,
    0.39825281500816345,
    0.4018499553203583,
    0.41109970211982727,
    0.40133607387542725,
    0.3977389633655548,
    0.4177800714969635,
    0.412641316652298,
    0.4095580577850342,
    0.44141829013824463,
    0.42137718200683594,
    0.42754366993904114,
    0.4162384271621704,
    0.4285714328289032
  ],
  "val_loss": [
    2.0854263305664062,
    2.13749098777771,
    2.200305700302124,
    2.1789209842681885,
    2.2173690795898438,
    2.107151508331299,
    2.0897953510284424,
    1.8638049364089966,
    1.8764678239822388,
    1.7421927452087402,
    1.7551424503326416,
    1.7167054414749146,
    1.7001283168792725,
    1.6573512554168701,
    1.6603761911392212,
    1.649231195449829,
    1.6161402463912964,
    1.6396030187606812,
    1.6014909744262695,
    1.6334344148635864,
    1.5797436237335205,
    1.5689245462417603,
    1.5760791301727295,
    1.5811504125595093,
    1.5327699184417725,
    1.5418410301208496,
    1.5549181699752808,
    1.5773303508758545,
    1.5025800466537476,
    1.5034823417663574,
    1.4969308376312256,
    1.5421169996261597,
    1.5244501829147339,
    1.4923412799835205,
    1.480794906616211,
    1.5009294748306274,
    1.5093936920166016,
    1.494837760925293,
    1.5031158924102783,
    1.4907106161117554,
    1.4929931163787842,
    1.4940459728240967,
    1.4857642650604248,
    1.5031307935714722,
    1.5024175643920898,
    1.5021613836288452,
    1.492371678352356
  ],
  "val_accuracy": [
    0.14148680865764618,
    0.12949639558792114,
    0.1390887349843979,
    0.12949639558792114,
    0.14148680865764618,
    0.19184651970863342,
    0.1750599592924118,
    0.22062350809574127,
    0.22781774401664734,
    0.30455636978149414,
    0.2973621189594269,
    0.2949640154838562,
    0.311750590801239,
    0.34052756428718567,
    0.34052756428718567,
    0.32613909244537354,
    0.36450839042663574,
    0.34292566776275635,
    0.3741007149219513,
    0.3741007149219513,
    0.40287768840789795,
    0.40527579188346863,
    0.4100719392299652,
    0.3908872902393341,
    0.42206233739852905,
    0.40287768840789795,
    0.38369303941726685,
    0.38129496574401855,
    0.42206233739852905,
    0.4100719392299652,
    0.4364508390426636,
    0.40527579188346863,
    0.4148681163787842,
    0.41966426372528076,
    0.41726619005203247,
    0.4100719392299652,
    0.4076738655567169,
    0.42206233739852905,
    0.4148681163787842,
    0.4148681163787842,
    0.4148681163787842,
    0.42206233739852905,
    0.42206233739852905,
    0.40527579188346863,
    0.4124700129032135,
    0.42446044087409973,
    0.41966426372528076
  ],
  "lr": [
    0.0005000000237487257,
    0.0005000000237487257,
    0.0005000000237487257,
    0.0005000000237487257,
    0.0002500000118743628,
    0.0002500000118743628,
    0.0002500000118743628,
    0.0001250000059371814,
    0.0001250000059371814,
    0.0001250000059371814,
    0.0001250000059371814,
    0.0001250000059371814,
    0.0001250000059371814,
    0.0001250000059371814,
    0.0001250000059371814,
    0.0001250000059371814,
    0.0001250000059371814,
    0.0001250000059371814,
    0.0001250000059371814,
    0.0001250000059371814,
    0.0001250000059371814,
    0.0001250000059371814,
    0.0001250000059371814,
    0.0001250000059371814,
    0.0001250000059371814,
    0.0001250000059371814,
    0.0001250000059371814,
    0.0001250000059371814,
    6.25000029685907e-05,
    6.25000029685907e-05,
    6.25000029685907e-05,
    6.25000029685907e-05,
    6.25000029685907e-05,
    6.25000029685907e-05,
    6.25000029685907e-05,
    6.25000029685907e-05,
    6.25000029685907e-05,
    6.25000029685907e-05,
    3.125000148429535e-05,
    3.125000148429535e-05,
    3.125000148429535e-05,
    1.5625000742147677e-05,
    1.5625000742147677e-05,
    1.5625000742147677e-05,
    7.812500371073838e-06,
    7.812500371073838e-06,
    7.812500371073838e-06
  ]
}