{
  "mean": 1.0232746490146383e-06,
  "std": 1.000001072883606
}