{"loss": [2.683664083480835, 2.5997796058654785, 2.4968011379241943, 2.392361879348755, 2.3456969261169434, 2.3429017066955566, 2.2919485569000244, 2.285468578338623, 2.182037353515625, 2.155669689178467, 2.1058948040008545, 2.111283302307129, 2.139904260635376, 2.060192108154297, 2.0350840091705322, 1.9785451889038086, 2.0149085521698, 1.9791346788406372, 1.9512897729873657, 1.9189739227294922, 1.859720230102539, 1.8714274168014526, 1.8374738693237305, 1.8112925291061401, 1.7813130617141724, 1.8294039964675903, 1.759295105934143, 1.7835630178451538, 1.7416949272155762, 1.727445363998413, 1.7297260761260986, 1.6905264854431152, 1.7001055479049683, 1.6571985483169556, 1.672402024269104, 1.6449989080429077, 1.6678653955459595, 1.6103510856628418, 1.6235284805297852, 1.642137885093689, 1.6259891986846924, 1.6148312091827393, 1.6477460861206055, 1.643093466758728, 1.6346698999404907, 1.6199662685394287, 1.6090116500854492, 1.5802098512649536, 1.6111940145492554, 1.6149494647979736, 1.5803561210632324, 1.6116787195205688, 1.6054891347885132, 1.604519248008728, 1.6055636405944824, 1.6035181283950806, 1.600679874420166], "accuracy": [0.125, 0.1269841343164444, 0.1428571492433548, 0.1726190447807312, 0.164682537317276, 0.1765872985124588, 0.1835317462682724, 0.2003968209028244, 0.21329365670681, 0.2083333283662796, 0.21329365670681, 0.2023809552192688, 0.2013888955116272, 0.2033730149269104, 0.2420634925365448, 0.2341269850730896, 0.2400793582201004, 0.2490079402923584, 0.272817462682724, 0.2648809552192688, 0.2916666567325592, 0.2936508059501648, 0.306547611951828, 0.3144841194152832, 0.3303571343421936, 0.3055555522441864, 0.3452380895614624, 0.3194444477558136, 0.3263888955116272, 0.3164682686328888, 0.329365074634552, 0.346230149269104, 0.3492063581943512, 0.369047611951828, 0.3531745970249176, 0.363095223903656, 0.358134925365448, 0.3878968358039856, 0.3908730149269104, 0.3730158805847168, 0.386904776096344, 0.38591268658638, 0.3710317313671112, 0.3789682686328888, 0.38591268658638, 0.3938491940498352, 0.3799603283405304, 0.3908730149269104, 0.3819444477558136, 0.3799603283405304, 0.3878968358039856, 0.3839285671710968, 0.3839285671710968, 0.3878968358039856, 0.403769850730896, 0.3938491940498352, 0.3720238208770752], "val_loss": [2.09552264213562, 2.0708346366882324, 2.066988229751587, 2.053823709487915, 2.0970230102539062, 2.0448057651519775, 1.997545599937439, 1.940611481666565, 1.9200325012207031, 1.9200952053070068, 1.89041268825531, 1.8736852407455444, 1.8160643577575684, 1.8101476430892944, 1.7860742807388306, 1.7284361124038696, 1.7214747667312622, 1.7342709302902222, 1.6839860677719116, 1.6256812810897827, 1.5791281461715698, 1.5746220350265503, 1.5605378150939941, 1.5416051149368286, 1.552059292793274, 1.4976487159729004, 1.5262113809585571, 1.5153015851974487, 1.4978723526000977, 1.5248284339904785, 1.4971680641174316, 1.4970974922180176, 1.4905352592468262, 1.4956979751586914, 1.5059163570404053, 1.5449341535568237, 1.5147830247879028, 1.51957106590271, 1.5112954378128052, 1.4956841468811035, 1.5030097961425781, 1.5081690549850464, 1.4955260753631592, 1.4902608394622803, 1.4777090549468994, 1.4864611625671387, 1.505224347114563, 1.503671407699585, 1.4952385425567627, 1.490795612335205, 1.4843696355819702, 1.4842156171798706, 1.4876030683517456, 1.4889580011367798, 1.4881349802017212, 1.4896645545959473, 1.4891108274459839], "val_accuracy": [0.1527777761220932, 0.17592592537403107, 0.125, 0.125, 0.125, 0.15740740299224854, 0.1527777761220932, 0.17592592537403107, 0.17592592537403107, 0.17129629850387573, 0.1944444477558136, 0.24074074625968933, 0.25925925374031067, 0.25, 0.24537037312984467, 0.32870370149612427, 0.3333333432674408, 0.27314814925193787, 0.3472222089767456, 0.38425925374031067, 0.4305555522441864, 0.39814814925193787, 0.39814814925193787, 0.45370370149612427, 0.4305555522441864, 0.45370370149612427, 0.42592594027519226, 0.41203704476356506, 0.4444444477558136, 0.45370370149612427, 0.4444444477558136, 0.4444444477558136, 0.42129629850387573, 0.43981480598449707, 0.42592594027519226, 0.3611111044883728, 0.37962964177131653, 0.37037035822868347, 0.4027777910232544, 0.4027777910232544, 0.39814814925193787, 0.3888888955116272, 0.4027777910232544, 0.42129629850387573, 0.42592594027519226, 0.4305555522441864, 0.39351850748062134, 0.4027777910232544, 0.42129629850387573, 0.42129629850387573, 0.4305555522441864, 0.4166666567325592, 0.42129629850387573, 0.42129629850387573, 0.42592594027519226, 0.42129629850387573, 0.42129629850387573], "lr": [0.0005000000237487257, 0.0005000000237487257, 0.0005000000237487257, 0.0005000000237487257, 0.0005000000237487257, 0.0005000000237487257, 0.0005000000237487257, 0.0005000000237487257, 0.0005000000237487257, 0.0005000000237487257, 0.0005000000237487257, 0.0005000000237487257, 0.0005000000237487257, 0.0005000000237487257, 0.0005000000237487257, 0.0005000000237487257, 0.0005000000237487257, 0.0005000000237487257, 0.0005000000237487257, 0.0005000000237487257, 0.0005000000237487257, 0.0005000000237487257, 0.0005000000237487257, 0.0005000000237487257, 0.0005000000237487257, 0.0005000000237487257, 0.0005000000237487257, 0.0005000000237487257, 0.0005000000237487257, 0.0002500000118743628, 0.0002500000118743628, 0.0002500000118743628, 0.0002500000118743628, 0.0002500000118743628, 0.0002500000118743628, 0.0002500000118743628, 0.0001250000059371814, 0.0001250000059371814, 0.0001250000059371814, 6.25000029685907e-05, 6.25000029685907e-05, 6.25000029685907e-05, 3.125000148429535e-05, 3.125000148429535e-05, 3.125000148429535e-05, 3.125000148429535e-05, 3.125000148429535e-05, 3.125000148429535e-05, 1.5625000742147677e-05, 1.5625000742147677e-05, 1.5625000742147677e-05, 7.812500371073838e-06, 7.812500371073838e-06, 7.812500371073838e-06, 3.906250185536919e-06, 3.906250185536919e-06, 3.906250185536919e-06]}