{"mean": 4.3763881762970414e-07, "std": 0.9999986886978149}