{"loss": [2.7108395099639893, 2.5365514755249023, 2.486236095428467, 2.418870449066162, 2.321221113204956, 2.308133125305176, 2.2300360202789307, 2.2136900424957275, 2.2089836597442627, 2.1920788288116455, 2.1312999725341797, 2.131918430328369, 2.095707416534424, 2.119302988052368, 2.055096387863159, 2.0449776649475098, 2.0284738540649414, 1.9919507503509521, 1.9233267307281494, 1.9889702796936035, 1.9315860271453857, 1.8704267740249634, 1.9405391216278076, 1.951805591583252, 1.9273662567138672, 1.9191421270370483, 1.8852304220199585, 1.9144448041915894, 1.915178656578064, 1.8616856336593628, 1.843442440032959, 1.8571003675460815, 1.8234657049179077, 1.894582748413086, 1.8830517530441284, 1.8683807849884033, 1.7972170114517212, 1.856148362159729, 1.8582041263580322, 1.842378854751587, 1.814563274383545, 1.830355167388916, 1.8489106893539429, 1.849402666091919, 1.7891651391983032, 1.8405795097351074, 1.8414100408554077, 1.8521182537078857, 1.8223507404327393], "accuracy": [0.1408730149269104, 0.1498015820980072, 0.1408730149269104, 0.1577380895614624, 0.164682537317276, 0.1765872985124588, 0.1954365074634552, 0.2013888955116272, 0.2023809552192688, 0.207341268658638, 0.233134925365448, 0.2291666716337204, 0.2172619104385376, 0.2192460298538208, 0.2321428507566452, 0.2351190447807312, 0.2519841194152832, 0.2638888955116272, 0.2847222089767456, 0.2886904776096344, 0.2688491940498352, 0.2996031641960144, 0.2509920597076416, 0.2648809552192688, 0.2748015820980072, 0.2867063581943512, 0.306547611951828, 0.2857142984867096, 0.2986111044883728, 0.3204365074634552, 0.3164682686328888, 0.300595223903656, 0.329365074634552, 0.2847222089767456, 0.2906745970249176, 0.295634925365448, 0.3283730149269104, 0.3134920597076416, 0.3045634925365448, 0.3075396716594696, 0.329365074634552, 0.3125, 0.3422619104385376, 0.300595223903656, 0.335317462682724, 0.2986111044883728, 0.3055555522441864, 0.306547611951828, 0.3105158805847168], "val_loss": [2.076761484146118, 2.0262060165405273, 1.9947608709335327, 2.0187418460845947, 2.020946979522705, 2.0013132095336914, 1.9625083208084106, 1.9445582628250122, 1.9408273696899414, 1.8714606761932373, 1.833265781402588, 1.8763810396194458, 1.8178328275680542, 1.757296085357666, 1.7452776432037354, 1.7699925899505615, 1.7905431985855103, 1.7932626008987427, 1.7983540296554565, 1.759655475616455, 1.7486770153045654, 1.735906720161438, 1.7273248434066772, 1.7197684049606323, 1.7141501903533936, 1.7044955492019653, 1.6899389028549194, 1.6863757371902466, 1.680075764656067, 1.6803326606750488, 1.6806755065917969, 1.6788543462753296, 1.6778243780136108, 1.6745468378067017, 1.6709227561950684, 1.6686879396438599, 1.6663628816604614, 1.6684576272964478, 1.6678094863891602, 1.6691676378250122, 1.6712876558303833, 1.67153799533844, 1.6719337701797485, 1.6725752353668213, 1.6721110343933105, 1.6733283996582031, 1.6738555431365967, 1.6753026247024536, 1.6729209423065186], "val_accuracy": [0.22685185074806213, 0.19907407462596893, 0.19907407462596893, 0.1527777761220932, 0.13425925374031067, 0.14814814925193787, 0.14814814925193787, 0.1805555522441864, 0.17592592537403107, 0.18518517911434174, 0.25, 0.1805555522441864, 0.2222222238779068, 0.31018519401550293, 0.28240740299224854, 0.26851850748062134, 0.25925925374031067, 0.25462964177131653, 0.24537037312984467, 0.2777777910232544, 0.28240740299224854, 0.29629629850387573, 0.2777777910232544, 0.29629629850387573, 0.28703704476356506, 0.29629629850387573, 0.31018519401550293, 0.31018519401550293, 0.3333333432674408, 0.32407405972480774, 0.32407405972480774, 0.3333333432674408, 0.33796295523643494, 0.33796295523643494, 0.3472222089767456, 0.3472222089767456, 0.3472222089767456, 0.33796295523643494, 0.33796295523643494, 0.3333333432674408, 0.3333333432674408, 0.3333333432674408, 0.33796295523643494, 0.34259259700775146, 0.34259259700775146, 0.34259259700775146, 0.3472222089767456, 0.34259259700775146, 0.33796295523643494], "lr": [0.0005000000237487257, 0.0005000000237487257, 0.0005000000237487257, 0.0005000000237487257, 0.0005000000237487257, 0.0002500000118743628, 0.0002500000118743628, 0.0002500000118743628, 0.0002500000118743628, 0.0002500000118743628, 0.0002500000118743628, 0.0002500000118743628, 0.0002500000118743628, 0.0002500000118743628, 0.0002500000118743628, 0.0002500000118743628, 0.0002500000118743628, 0.0001250000059371814, 0.0001250000059371814, 6.25000029685907e-05, 6.25000029685907e-05, 3.125000148429535e-05, 3.125000148429535e-05, 3.125000148429535e-05, 3.125000148429535e-05, 3.125000148429535e-05, 3.125000148429535e-05, 3.125000148429535e-05, 3.125000148429535e-05, 3.125000148429535e-05, 3.125000148429535e-05, 1.5625000742147677e-05, 1.5625000742147677e-05, 1.5625000742147677e-05, 1.5625000742147677e-05, 1.5625000742147677e-05, 1.5625000742147677e-05, 1.5625000742147677e-05, 1.5625000742147677e-05, 7.812500371073838e-06, 7.812500371073838e-06, 3.906250185536919e-06, 3.906250185536919e-06, 1.9531250927684596e-06, 1.9531250927684596e-06, 9.999999974752427e-07, 9.999999974752427e-07, 9.999999974752427e-07, 9.999999974752427e-07]}