{"loss": [2.6355245113372803, 2.536703109741211, 2.4110186100006104, 2.374258518218994, 2.2804901599884033, 2.229769706726074, 2.1814143657684326, 2.164978265762329, 2.091135025024414, 2.076979637145996], "accuracy": [0.1349206417798996, 0.1408730149269104, 0.1557539701461792, 0.144841268658638, 0.1765872985124588, 0.1755952388048172, 0.1884920597076416, 0.193452388048172, 0.2113095223903656, 0.21329365670681], "val_loss": [2.089118003845215, 2.0949819087982178, 2.078104257583618, 2.1192150115966797, 2.1310009956359863, 2.108931541442871, 2.199599266052246, 2.2172489166259766, 2.252028226852417, 2.2396633625030518], "val_accuracy": [0.13425925374031067, 0.125, 0.125, 0.125, 0.125, 0.125, 0.125, 0.125, 0.125, 0.125], "lr": [0.0010000000474974513, 0.0010000000474974513, 0.0010000000474974513, 0.0010000000474974513, 0.0010000000474974513, 0.0010000000474974513, 0.0005000000237487257, 0.0005000000237487257, 0.0005000000237487257, 0.0002500000118743628]}