{"loss": [2.7086827754974365, 2.544149160385132, 2.443657398223877, 2.3648879528045654, 2.3439488410949707, 2.2553882598876953, 2.1794984340667725, 2.2007129192352295, 2.1399285793304443, 2.1010093688964844], "accuracy": [0.1299603134393692, 0.15079365670681, 0.1656745970249176, 0.1825396865606308, 0.167658731341362, 0.1775793582201004, 0.207341268658638, 0.207341268658638, 0.22420634329319, 0.2281745970249176], "val_loss": [2.0935161113739014, 2.054276943206787, 2.0304651260375977, 2.082159996032715, 2.1214849948883057, 2.105257272720337, 2.0840139389038086, 2.0928022861480713, 2.0641701221466064, 2.032928228378296], "val_accuracy": [0.08796296268701553, 0.18981482088565826, 0.28703704476356506, 0.125, 0.125, 0.125, 0.12962962687015533, 0.12962962687015533, 0.12962962687015533, 0.1388888955116272], "lr": [0.0005000000237487257, 0.0005000000237487257, 0.0005000000237487257, 0.0005000000237487257, 0.0005000000237487257, 0.0002500000118743628, 0.0002500000118743628, 0.0001250000059371814, 0.0001250000059371814, 6.25000029685907e-05]}